{"cameraMode":{"drawMode":0,"name":"Shaded","section":"Shading Mode"},"sceneLighting":true,"audioPlay":false,"sceneViewState":{"m_AlwaysRefresh":false,"showFog":true,"showSkybox":true,"showFlares":true,"showImageEffects":true,"showParticleSystems":true,"showVisualEffectGraphs":true,"m_FxEnabled":false},"in2DMode":false,"pivot":{"x":74.34814453125,"y":-7.851308822631836,"z":12.830934524536133},"rotation":{"x":0.055779244750738147,"y":-0.007177732884883881,"z":0.00040329364128410816,"w":0.9984250664710999},"size":83.36433410644531,"orthographic":false}